column,parent,supernode,column_count
0,103,0,82
1,105,1,79
2,102,2,97
3,102,3,78
4,105,4,85
5,108,5,82
6,46,6,77
7,83,7,90
8,72,8,91
9,72,9,90
10,46,10,80
11,57,11,76
12,48,12,96
13,48,13,94
14,73,14,89
15,57,15,81
16,47,16,86
17,48,17,104
18,46,18,78
19,47,19,82
20,57,20,80
21,47,21,90
22,48,22,95
23,57,23,77
24,46,24,94
25,46,25,77
26,48,26,105
27,47,27,83
28,48,28,93
29,46,29,82
30,47,30,92
31,47,31,90
32,47,32,111
33,47,33,87
34,47,34,92
35,47,35,111
36,46,36,78
37,46,37,85
38,46,38,92
39,46,39,80
40,46,40,99
41,57,40,71
42,46,40,77
43,57,40,81
44,46,40,82
45,46,40,97
46,47,40,177
47,48,40,198
48,49,40,197
49,50,40,196
50,51,40,195
51,52,40,194
52,53,40,193
53,54,40,192
54,55,40,191
55,56,40,190
56,57,40,189
57,58,40,188
58,59,40,187
59,60,40,186
60,61,40,185
61,62,40,184
62,63,40,183
63,64,40,182
64,65,40,181
65,66,40,180
66,67,40,179
67,68,40,178
68,69,40,177
69,70,40,176
70,71,40,175
71,72,40,174
72,73,40,174
73,74,40,173
74,75,40,172
75,76,40,171
76,77,40,170
77,78,40,169
78,79,40,168
79,80,40,167
80,81,40,166
81,82,40,165
82,83,40,164
83,84,40,163
84,85,40,162
85,86,40,161
86,87,40,160
87,102,40,159
88,103,41,78
89,103,42,86
90,105,43,81
91,102,44,84
92,102,45,95
93,102,46,83
94,102,47,75
95,102,48,81
96,102,49,80
97,103,50,82
98,102,50,101
99,102,50,103
100,105,50,80
101,107,50,85
102,103,50,168
103,104,50,167
104,105,50,166
105,106,50,165
106,107,50,164
107,108,50,163
108,109,50,162
109,110,50,161
110,111,50,160
111,112,50,159
112,113,50,158
113,114,50,157
114,115,50,156
115,116,50,155
116,117,50,154
117,118,50,153
118,119,50,152
119,120,50,151
120,121,50,150
121,122,50,149
122,123,50,148
123,124,50,147
124,125,50,146
125,126,50,145
126,127,50,144
127,128,50,143
128,129,50,142
129,130,50,141
130,131,50,140
131,132,50,139
132,133,50,138
133,134,50,137
134,135,50,136
135,136,50,135
136,137,50,134
137,138,50,133
138,139,50,132
139,140,50,131
140,141,50,130
141,142,50,129
142,143,50,128
143,144,50,127
144,145,50,126
145,146,50,125
146,147,50,124
147,148,50,123
148,149,50,122
149,150,50,121
150,151,50,120
151,152,50,119
152,292,50,118
153,251,51,82
154,250,52,83
155,250,53,76
156,249,54,80
157,251,55,83
158,249,56,97
159,249,57,81
160,249,58,75
161,249,59,79
162,249,60,76
163,250,61,81
164,249,62,98
165,250,63,79
166,249,64,100
167,249,65,95
168,249,66,73
169,250,67,82
170,250,68,84
171,252,69,80
172,252,70,78
173,213,71,82
174,244,72,88
175,223,73,81
176,233,74,89
177,223,75,82
178,233,76,89
179,215,77,92
180,215,78,90
181,223,79,83
182,213,80,83
183,234,81,88
184,213,82,78
185,223,83,75
186,215,84,103
187,214,85,84
188,213,86,95
189,213,87,76
190,214,88,84
191,214,89,80
192,215,90,92
193,215,91,90
194,214,92,80
195,213,93,76
196,214,94,89
197,214,95,84
198,215,96,103
199,213,97,84
200,213,98,80
201,214,99,84
202,214,100,109
203,223,101,80
204,223,102,73
205,213,103,79
206,213,104,97
207,214,105,89
208,214,106,109
209,213,107,79
210,213,108,81
211,213,109,100
212,213,109,98
213,214,109,177
214,215,109,198
215,216,109,197
216,217,109,196
217,218,109,195
218,219,109,194
219,220,109,193
220,221,109,192
221,222,109,191
222,223,109,190
223,224,109,189
224,225,109,188
225,226,109,187
226,227,109,186
227,228,109,185
228,229,109,184
229,230,109,183
230,231,109,182
231,232,109,181
232,233,109,180
233,234,109,180
234,235,109,179
235,236,109,178
236,237,109,177
237,238,109,176
238,239,109,175
239,240,109,174
240,241,109,173
241,242,109,172
242,243,109,171
243,244,109,170
244,245,109,169
245,246,109,168
246,247,109,167
247,248,109,166
248,249,109,165
249,250,109,174
250,251,109,173
251,252,109,172
252,253,109,171
253,254,109,170
254,255,109,169
255,256,109,168
256,257,109,167
257,258,109,166
258,259,109,165
259,260,109,164
260,261,109,163
261,262,109,162
262,263,109,161
263,264,109,160
264,265,109,159
265,266,109,158
266,267,109,157
267,268,109,156
268,269,109,155
269,270,109,154
270,271,109,153
271,272,109,152
272,273,109,151
273,274,109,150
274,275,109,149
275,276,109,148
276,277,109,147
277,278,109,146
278,279,109,145
279,280,109,144
280,281,109,143
281,282,109,142
282,283,109,141
283,284,109,140
284,285,109,139
285,286,109,138
286,287,109,137
287,288,109,136
288,289,109,135
289,290,109,134
290,291,109,133
291,292,109,132
292,293,110,176
293,294,110,175
294,295,110,174
295,296,110,173
296,297,110,172
297,298,110,171
298,299,110,170
299,300,110,169
300,301,110,168
301,302,110,167
302,303,110,166
303,304,110,165
304,305,110,164
305,306,110,163
306,307,110,162
307,308,110,161
308,309,110,160
309,310,110,159
310,311,110,158
311,312,110,157
312,313,110,156
313,314,110,155
314,315,110,154
315,316,110,153
316,317,110,152
317,318,110,151
318,319,110,150
319,320,110,149
320,321,110,148
321,322,110,147
322,323,110,146
323,324,110,145
324,325,110,144
325,326,110,143
326,327,110,142
327,328,110,141
328,482,110,140
329,431,111,82
330,431,112,80
331,371,113,82
332,408,114,89
333,397,115,90
334,397,116,91
335,371,117,85
336,382,118,80
337,373,119,95
338,373,120,93
339,398,121,90
340,382,122,82
341,372,123,87
342,373,124,105
343,371,125,79
344,372,126,83
345,382,127,85
346,372,128,90
347,373,129,96
348,382,130,78
349,371,131,95
350,371,132,78
351,373,133,104
352,372,134,82
353,373,135,94
354,371,136,84
355,372,137,92
356,372,138,90
357,372,139,111
358,372,140,86
359,372,141,92
360,372,142,111
361,371,143,80
362,371,144,86
363,371,145,97
364,371,146,81
365,371,147,103
366,382,147,75
367,371,147,81
368,382,147,82
369,371,147,83
370,371,147,101
371,372,147,177
372,373,147,198
373,374,147,197
374,375,147,196
375,376,147,195
376,377,147,194
377,378,147,193
378,379,147,192
379,380,147,191
380,381,147,190
381,382,147,189
382,383,147,188
383,384,147,187
384,385,147,186
385,386,147,185
386,387,147,184
387,388,147,183
388,389,147,182
389,390,147,181
390,391,147,180
391,392,147,179
392,393,147,178
393,394,147,177
394,395,147,176
395,396,147,175
396,397,147,174
397,398,147,174
398,399,147,173
399,400,147,172
400,401,147,171
401,402,147,170
402,403,147,169
403,404,147,168
404,405,147,167
405,406,147,166
406,407,147,165
407,408,147,164
408,409,147,163
409,410,147,162
410,411,147,161
411,412,147,160
412,431,147,159
413,432,148,77
414,431,149,85
415,431,150,77
416,431,151,82
417,431,152,81
418,432,153,94
419,431,154,71
420,431,155,80
421,431,156,78
422,432,157,81
423,431,158,97
424,432,159,78
425,431,160,99
426,432,161,92
427,432,162,77
428,432,162,76
429,431,162,80
430,432,162,77
431,432,162,168
432,433,162,167
433,434,162,166
434,435,162,165
435,436,162,164
436,437,162,163
437,438,162,162
438,439,162,161
439,440,162,160
440,441,162,159
441,442,162,158
442,443,162,157
443,444,162,156
444,445,162,155
445,446,162,154
446,447,162,153
447,448,162,152
448,449,162,151
449,450,162,150
450,451,162,149
451,452,162,148
452,453,162,147
453,454,162,146
454,455,162,145
455,456,162,144
456,457,162,143
457,458,162,142
458,459,162,141
459,460,162,140
460,461,162,139
461,462,162,138
462,463,162,137
463,464,162,136
464,465,162,135
465,466,162,134
466,467,162,133
467,468,162,132
468,469,162,131
469,470,162,130
470,471,162,129
471,472,162,128
472,473,162,127
473,474,162,126
474,475,162,125
475,476,162,124
476,477,162,123
477,478,162,122
478,479,162,121
479,480,162,120
480,481,162,119
481,482,162,118
482,483,163,184
483,484,163,183
484,485,163,182
485,486,163,181
486,487,163,180
487,488,163,179
488,489,163,178
489,490,163,177
490,491,163,176
491,492,163,175
492,493,163,174
493,494,163,173
494,495,163,172
495,496,163,171
496,497,163,170
497,498,163,169
498,499,163,168
499,500,163,167
500,501,163,166
501,502,163,165
502,503,163,164
503,504,163,163
504,505,163,162
505,506,163,161
506,507,163,160
507,508,163,159
508,509,163,158
509,510,163,157
510,511,163,156
511,512,163,155
512,513,163,154
513,514,163,153
514,515,163,152
515,516,163,151
516,517,163,150
517,518,163,149
518,519,163,148
519,520,163,147
520,521,163,146
521,522,163,145
522,523,163,144
523,524,163,143
524,525,163,142
525,526,163,141
526,527,163,140
527,528,163,139
528,529,163,138
529,530,163,137
530,531,163,136
531,532,163,135
532,533,163,134
533,534,163,133
534,535,163,132
535,536,163,131
536,537,163,130
537,538,163,129
538,539,163,128
539,540,163,127
540,541,163,126
541,542,163,125
542,543,163,124
543,544,163,123
544,545,163,122
545,546,163,121
546,547,163,120
547,548,163,119
548,1098,163,118
549,652,164,86
550,652,165,111
551,591,166,80
552,591,167,85
553,591,168,77
554,591,169,82
555,591,170,82
556,591,171,78
557,591,172,79
558,591,173,84
559,592,174,81
560,592,175,81
561,591,176,76
562,591,177,80
563,591,178,85
564,591,179,80
565,609,180,82
566,608,181,82
567,592,182,77
568,592,183,85
569,591,184,94
570,591,185,95
571,613,186,86
572,608,187,78
573,592,188,71
574,592,189,78
575,591,190,82
576,591,191,99
577,591,192,83
578,609,193,80
579,591,194,103
580,608,195,75
581,592,196,80
582,591,197,77
583,592,198,77
584,592,199,92
585,609,200,97
586,608,200,78
587,608,200,81
588,591,200,81
589,592,200,97
590,608,200,101
591,593,200,174
592,593,200,176
593,594,200,204
594,595,200,203
595,596,200,202
596,597,200,201
597,598,200,200
598,599,200,199
599,600,200,198
600,601,200,197
601,602,200,196
602,603,200,195
603,604,200,194
604,605,200,193
605,606,200,192
606,607,200,191
607,608,200,190
608,609,200,189
609,610,200,188
610,611,200,187
611,612,200,186
612,613,200,185
613,614,200,184
614,615,200,183
615,616,200,182
616,617,200,181
617,618,200,180
618,619,200,179
619,620,200,178
620,621,200,177
621,622,200,176
622,623,200,175
623,624,200,174
624,625,200,173
625,626,200,172
626,627,200,171
627,628,200,170
628,629,200,169
629,630,200,168
630,631,200,167
631,632,200,166
632,651,200,165
633,655,201,89
634,652,202,93
635,653,203,83
636,652,204,90
637,655,205,95
638,651,206,104
639,652,207,92
640,651,208,87
641,651,209,92
642,651,210,90
643,652,211,90
644,651,212,111
645,654,213,105
646,651,214,82
647,651,214,91
648,651,214,96
649,651,214,94
650,651,214,90
651,652,214,167
652,653,214,166
653,654,214,165
654,655,214,164
655,656,214,164
656,657,214,163
657,658,214,162
658,659,214,161
659,660,214,160
660,661,214,159
661,662,214,158
662,663,214,157
663,664,214,156
664,665,214,155
665,666,214,154
666,667,214,153
667,668,214,152
668,669,214,151
669,670,214,150
670,671,214,149
671,672,214,148
672,673,214,147
673,674,214,146
674,675,214,145
675,676,214,144
676,677,214,143
677,678,214,142
678,679,214,141
679,680,214,140
680,681,214,139
681,682,214,138
682,683,214,137
683,684,214,136
684,685,214,135
685,686,214,134
686,687,214,133
687,688,214,132
688,689,214,131
689,690,214,130
690,691,214,129
691,692,214,128
692,693,214,127
693,694,214,126
694,695,214,125
695,696,214,124
696,697,214,123
697,698,214,122
698,699,214,121
699,700,214,120
700,701,214,119
701,839,214,118
702,782,215,88
703,782,216,103
704,782,217,89
705,782,218,109
706,782,219,109
707,782,220,103
708,782,221,89
709,782,222,90
710,782,223,92
711,782,224,88
712,753,225,80
713,753,226,76
714,753,227,83
715,752,228,80
716,753,229,82
717,753,230,83
718,753,231,83
719,753,232,76
720,753,233,80
721,769,234,80
722,752,235,73
723,752,236,76
724,752,237,82
725,753,238,82
726,763,239,76
727,753,240,81
728,764,241,73
729,765,242,82
730,752,243,78
731,753,244,95
732,753,245,81
733,753,246,83
734,753,247,81
735,763,248,78
736,752,249,84
737,753,250,81
738,753,251,100
739,752,252,97
740,752,253,75
741,764,254,75
742,763,255,97
743,753,256,79
744,763,257,84
745,753,258,79
746,752,259,98
747,763,260,79
748,763,261,98
749,753,261,95
750,752,261,79
751,753,261,100
752,754,261,176
753,754,261,174
754,755,261,204
755,756,261,203
756,757,261,202
757,758,261,201
758,759,261,200
759,760,261,199
760,761,261,198
761,762,261,197
762,763,261,196
763,764,261,195
764,765,261,194
765,766,261,193
766,767,261,192
767,768,261,191
768,769,261,190
769,770,261,189
770,771,261,188
771,772,261,187
772,773,261,186
773,774,261,185
774,775,261,184
775,776,261,183
776,777,261,182
777,778,261,181
778,779,261,180
779,780,261,179
780,781,261,178
781,782,261,177
782,793,261,180
783,794,262,92
784,793,263,84
785,793,264,84
786,793,265,90
787,793,266,89
788,793,267,80
789,793,268,89
790,796,268,84
791,793,268,80
792,793,268,84
793,794,268,179
794,795,268,178
795,796,268,177
796,797,268,176
797,798,268,175
798,799,268,174
799,800,268,173
800,801,268,172
801,802,268,171
802,803,268,170
803,804,268,169
804,805,268,168
805,806,268,167
806,807,268,166
807,808,268,165
808,809,268,164
809,810,268,163
810,811,268,162
811,812,268,161
812,813,268,160
813,814,268,159
814,815,268,158
815,816,268,157
816,817,268,156
817,818,268,155
818,819,268,154
819,820,268,153
820,821,268,152
821,822,268,151
822,823,268,150
823,824,268,149
824,825,268,148
825,826,268,147
826,827,268,146
827,828,268,145
828,829,268,144
829,830,268,143
830,831,268,142
831,832,268,141
832,833,268,140
833,834,268,139
834,835,268,138
835,836,268,137
836,837,268,136
837,838,268,135
838,839,268,134
839,840,269,178
840,841,269,177
841,842,269,176
842,843,269,175
843,844,269,174
844,845,269,173
845,846,269,172
846,847,269,171
847,848,269,170
848,849,269,169
849,850,269,168
850,851,269,167
851,852,269,166
852,853,269,165
853,854,269,164
854,855,269,163
855,856,269,162
856,857,269,161
857,858,269,160
858,859,269,159
859,860,269,158
860,861,269,157
861,862,269,156
862,863,269,155
863,864,269,154
864,865,269,153
865,866,269,152
866,867,269,151
867,868,269,150
868,869,269,149
869,870,269,148
870,871,269,147
871,872,269,146
872,873,269,145
873,874,269,144
874,875,269,143
875,876,269,142
876,877,269,141
877,1031,269,140
878,980,270,78
879,980,271,82
880,981,272,75
881,981,273,80
882,980,274,86
883,980,275,95
884,981,276,81
885,981,277,81
886,981,278,83
887,982,279,84
888,980,280,82
889,980,281,103
890,981,282,78
891,980,283,101
892,980,284,97
893,982,285,79
894,980,286,80
895,981,287,85
896,982,288,85
897,980,289,82
898,938,290,77
899,949,291,90
900,969,292,91
901,967,293,90
902,963,294,80
903,952,295,76
904,940,296,94
905,940,297,96
906,949,298,89
907,952,299,81
908,939,300,86
909,940,301,104
910,938,302,78
911,939,303,82
912,938,304,80
913,939,305,90
914,940,306,95
915,938,307,77
916,949,308,94
917,938,309,77
918,940,310,105
919,939,311,83
920,940,312,93
921,938,313,82
922,939,314,90
923,939,315,92
924,939,316,87
925,939,317,111
926,939,318,92
927,939,319,111
928,949,320,78
929,954,321,85
930,949,322,92
931,938,323,80
932,938,324,77
933,949,325,99
934,938,326,71
935,938,327,81
936,938,328,82
937,938,328,97
938,939,328,177
939,940,328,198
940,941,328,197
941,942,328,196
942,943,328,195
943,944,328,194
944,945,328,193
945,946,328,192
946,947,328,191
947,948,328,190
948,949,328,189
949,950,328,189
950,951,328,188
951,952,328,187
952,953,328,186
953,954,328,185
954,955,328,184
955,956,328,183
956,957,328,182
957,958,328,181
958,959,328,180
959,960,328,179
960,961,328,178
961,962,328,177
962,963,328,176
963,964,328,175
964,965,328,174
965,966,328,173
966,967,328,172
967,968,328,171
968,969,328,170
969,970,328,169
970,971,328,168
971,972,328,167
972,973,328,166
973,974,328,165
974,975,328,164
975,976,328,163
976,977,328,162
977,978,328,161
978,979,328,160
979,980,328,159
980,981,328,168
981,982,328,167
982,983,328,166
983,984,328,165
984,985,328,164
985,986,328,163
986,987,328,162
987,988,328,161
988,989,328,160
989,990,328,159
990,991,328,158
991,992,328,157
992,993,328,156
993,994,328,155
994,995,328,154
995,996,328,153
996,997,328,152
997,998,328,151
998,999,328,150
999,1000,328,149
1000,1001,328,148
1001,1002,328,147
1002,1003,328,146
1003,1004,328,145
1004,1005,328,144
1005,1006,328,143
1006,1007,328,142
1007,1008,328,141
1008,1009,328,140
1009,1010,328,139
1010,1011,328,138
1011,1012,328,137
1012,1013,328,136
1013,1014,328,135
1014,1015,328,134
1015,1016,328,133
1016,1017,328,132
1017,1018,328,131
1018,1019,328,130
1019,1020,328,129
1020,1021,328,128
1021,1022,328,127
1022,1023,328,126
1023,1024,328,125
1024,1025,328,124
1025,1026,328,123
1026,1027,328,122
1027,1028,328,121
1028,1029,328,120
1029,1030,328,119
1030,1031,328,118
1031,1032,329,184
1032,1033,329,183
1033,1034,329,182
1034,1035,329,181
1035,1036,329,180
1036,1037,329,179
1037,1038,329,178
1038,1039,329,177
1039,1040,329,176
1040,1041,329,175
1041,1042,329,174
1042,1043,329,173
1043,1044,329,172
1044,1045,329,171
1045,1046,329,170
1046,1047,329,169
1047,1048,329,168
1048,1049,329,167
1049,1050,329,166
1050,1051,329,165
1051,1052,329,164
1052,1053,329,163
1053,1054,329,162
1054,1055,329,161
1055,1056,329,160
1056,1057,329,159
1057,1058,329,158
1058,1059,329,157
1059,1060,329,156
1060,1061,329,155
1061,1062,329,154
1062,1063,329,153
1063,1064,329,152
1064,1065,329,151
1065,1066,329,150
1066,1067,329,149
1067,1068,329,148
1068,1069,329,147
1069,1070,329,146
1070,1071,329,145
1071,1072,329,144
1072,1073,329,143
1073,1074,329,142
1074,1075,329,141
1075,1076,329,140
1076,1077,329,139
1077,1078,329,138
1078,1079,329,137
1079,1080,329,136
1080,1081,329,135
1081,1082,329,134
1082,1083,329,133
1083,1084,329,132
1084,1085,329,131
1085,1086,329,130
1086,1087,329,129
1087,1088,329,128
1088,1089,329,127
1089,1090,329,126
1090,1091,329,125
1091,1092,329,124
1092,1093,329,123
1093,1094,329,122
1094,1095,329,121
1095,1096,329,120
1096,1097,329,119
1097,1098,329,118
1098,1099,329,117
1099,1100,329,116
1100,1101,329,115
1101,1102,329,114
1102,1103,329,113
1103,1104,329,112
1104,1105,329,111
1105,1106,329,110
1106,1107,329,109
1107,1108,329,108
1108,1109,329,107
1109,1110,329,106
1110,1111,329,105
1111,1112,329,104
1112,1113,329,103
1113,1114,329,102
1114,1115,329,101
1115,1116,329,100
1116,1117,329,99
1117,1118,329,98
1118,1119,329,97
1119,1120,329,96
1120,1121,329,95
1121,1122,329,94
1122,1123,329,93
1123,1124,329,92
1124,1125,329,91
1125,1126,329,90
1126,1127,329,89
1127,1128,329,88
1128,1129,329,87
1129,1130,329,86
1130,1131,329,85
1131,1132,329,84
1132,1133,329,83
1133,1134,329,82
1134,1135,329,81
1135,1136,329,80
1136,1137,329,79
1137,1138,329,78
1138,1139,329,77
1139,1140,329,76
1140,1141,329,75
1141,1142,329,74
1142,1143,329,73
1143,1144,329,72
1144,1145,329,71
1145,1146,329,70
1146,1147,329,69
1147,1148,329,68
1148,1149,329,67
1149,1150,329,66
1150,1151,329,65
1151,1152,329,64
1152,1153,329,63
1153,1154,329,62
1154,1155,329,61
1155,1156,329,60
1156,1157,329,59
1157,1158,329,58
1158,1159,329,57
1159,1160,329,56
1160,1161,329,55
1161,1162,329,54
1162,1163,329,53
1163,1164,329,52
1164,1165,329,51
1165,1166,329,50
1166,1167,329,49
1167,1168,329,48
1168,1169,329,47
1169,1170,329,46
1170,1171,329,45
1171,1172,329,44
1172,1173,329,43
1173,1174,329,42
1174,1175,329,41
1175,1176,329,40
1176,1177,329,39
1177,1178,329,38
1178,1179,329,37
1179,1180,329,36
1180,1181,329,35
1181,1182,329,34
1182,1183,329,33
1183,1184,329,32
1184,1185,329,31
1185,1186,329,30
1186,1187,329,29
1187,1188,329,28
1188,1189,329,27
1189,1190,329,26
1190,1191,329,25
1191,1192,329,24
1192,1193,329,23
1193,1194,329,22
1194,1195,329,21
1195,1196,329,20
1196,1197,329,19
1197,1198,329,18
1198,1199,329,17
1199,1200,329,16
1200,1201,329,15
1201,1202,329,14
1202,1203,329,13
1203,1204,329,12
1204,1205,329,11
1205,1206,329,10
1206,1207,329,9
1207,1208,329,8
1208,1209,329,7
1209,1210,329,6
1210,1211,329,5
1211,1212,329,4
1212,1213,329,3
1213,1214,329,2
1214,-1,329,1
