supernode,first_col,end_col,parent,row_begin,row_end,row_count,width
0,0,1,50,0,82,82,1
1,1,2,50,82,161,79,1
2,2,3,50,161,258,97,1
3,3,4,50,258,336,78,1
4,4,5,50,336,421,85,1
5,5,6,50,421,503,82,1
6,6,7,40,503,580,77,1
7,7,8,40,580,670,90,1
8,8,9,40,670,761,91,1
9,9,10,40,761,851,90,1
10,10,11,40,851,931,80,1
11,11,12,40,931,1007,76,1
12,12,13,40,1007,1103,96,1
13,13,14,40,1103,1197,94,1
14,14,15,40,1197,1286,89,1
15,15,16,40,1286,1367,81,1
16,16,17,40,1367,1453,86,1
17,17,18,40,1453,1557,104,1
18,18,19,40,1557,1635,78,1
19,19,20,40,1635,1717,82,1
20,20,21,40,1717,1797,80,1
21,21,22,40,1797,1887,90,1
22,22,23,40,1887,1982,95,1
23,23,24,40,1982,2059,77,1
24,24,25,40,2059,2153,94,1
25,25,26,40,2153,2230,77,1
26,26,27,40,2230,2335,105,1
27,27,28,40,2335,2418,83,1
28,28,29,40,2418,2511,93,1
29,29,30,40,2511,2593,82,1
30,30,31,40,2593,2685,92,1
31,31,32,40,2685,2775,90,1
32,32,33,40,2775,2886,111,1
33,33,34,40,2886,2973,87,1
34,34,35,40,2973,3065,92,1
35,35,36,40,3065,3176,111,1
36,36,37,40,3176,3254,78,1
37,37,38,40,3254,3339,85,1
38,38,39,40,3339,3431,92,1
39,39,40,40,3431,3511,80,1
40,40,88,50,3511,3717,206,48
41,88,89,50,3717,3795,78,1
42,89,90,50,3795,3881,86,1
43,90,91,50,3881,3962,81,1
44,91,92,50,3962,4046,84,1
45,92,93,50,4046,4141,95,1
46,93,94,50,4141,4224,83,1
47,94,95,50,4224,4299,75,1
48,95,96,50,4299,4380,81,1
49,96,97,50,4380,4460,80,1
50,97,153,110,4460,4633,173,56
51,153,154,109,4633,4715,82,1
52,154,155,109,4715,4798,83,1
53,155,156,109,4798,4874,76,1
54,156,157,109,4874,4954,80,1
55,157,158,109,4954,5037,83,1
56,158,159,109,5037,5134,97,1
57,159,160,109,5134,5215,81,1
58,160,161,109,5215,5290,75,1
59,161,162,109,5290,5369,79,1
60,162,163,109,5369,5445,76,1
61,163,164,109,5445,5526,81,1
62,164,165,109,5526,5624,98,1
63,165,166,109,5624,5703,79,1
64,166,167,109,5703,5803,100,1
65,167,168,109,5803,5898,95,1
66,168,169,109,5898,5971,73,1
67,169,170,109,5971,6053,82,1
68,170,171,109,6053,6137,84,1
69,171,172,109,6137,6217,80,1
70,172,173,109,6217,6295,78,1
71,173,174,109,6295,6377,82,1
72,174,175,109,6377,6465,88,1
73,175,176,109,6465,6546,81,1
74,176,177,109,6546,6635,89,1
75,177,178,109,6635,6717,82,1
76,178,179,109,6717,6806,89,1
77,179,180,109,6806,6898,92,1
78,180,181,109,6898,6988,90,1
79,181,182,109,6988,7071,83,1
80,182,183,109,7071,7154,83,1
81,183,184,109,7154,7242,88,1
82,184,185,109,7242,7320,78,1
83,185,186,109,7320,7395,75,1
84,186,187,109,7395,7498,103,1
85,187,188,109,7498,7582,84,1
86,188,189,109,7582,7677,95,1
87,189,190,109,7677,7753,76,1
88,190,191,109,7753,7837,84,1
89,191,192,109,7837,7917,80,1
90,192,193,109,7917,8009,92,1
91,193,194,109,8009,8099,90,1
92,194,195,109,8099,8179,80,1
93,195,196,109,8179,8255,76,1
94,196,197,109,8255,8344,89,1
95,197,198,109,8344,8428,84,1
96,198,199,109,8428,8531,103,1
97,199,200,109,8531,8615,84,1
98,200,201,109,8615,8695,80,1
99,201,202,109,8695,8779,84,1
100,202,203,109,8779,8888,109,1
101,203,204,109,8888,8968,80,1
102,204,205,109,8968,9041,73,1
103,205,206,109,9041,9120,79,1
104,206,207,109,9120,9217,97,1
105,207,208,109,9217,9306,89,1
106,208,209,109,9306,9415,109,1
107,209,210,109,9415,9494,79,1
108,210,211,109,9494,9575,81,1
109,211,292,110,9575,9787,212,81
110,292,329,163,9787,9963,176,37
111,329,330,162,9963,10045,82,1
112,330,331,162,10045,10125,80,1
113,331,332,147,10125,10207,82,1
114,332,333,147,10207,10296,89,1
115,333,334,147,10296,10386,90,1
116,334,335,147,10386,10477,91,1
117,335,336,147,10477,10562,85,1
118,336,337,147,10562,10642,80,1
119,337,338,147,10642,10737,95,1
120,338,339,147,10737,10830,93,1
121,339,340,147,10830,10920,90,1
122,340,341,147,10920,11002,82,1
123,341,342,147,11002,11089,87,1
124,342,343,147,11089,11194,105,1
125,343,344,147,11194,11273,79,1
126,344,345,147,11273,11356,83,1
127,345,346,147,11356,11441,85,1
128,346,347,147,11441,11531,90,1
129,347,348,147,11531,11627,96,1
130,348,349,147,11627,11705,78,1
131,349,350,147,11705,11800,95,1
132,350,351,147,11800,11878,78,1
133,351,352,147,11878,11982,104,1
134,352,353,147,11982,12064,82,1
135,353,354,147,12064,12158,94,1
136,354,355,147,12158,12242,84,1
137,355,356,147,12242,12334,92,1
138,356,357,147,12334,12424,90,1
139,357,358,147,12424,12535,111,1
140,358,359,147,12535,12621,86,1
141,359,360,147,12621,12713,92,1
142,360,361,147,12713,12824,111,1
143,361,362,147,12824,12904,80,1
144,362,363,147,12904,12990,86,1
145,363,364,147,12990,13087,97,1
146,364,365,147,13087,13168,81,1
147,365,413,162,13168,13374,206,48
148,413,414,162,13374,13451,77,1
149,414,415,162,13451,13536,85,1
150,415,416,162,13536,13613,77,1
151,416,417,162,13613,13695,82,1
152,417,418,162,13695,13776,81,1
153,418,419,162,13776,13870,94,1
154,419,420,162,13870,13941,71,1
155,420,421,162,13941,14021,80,1
156,421,422,162,14021,14099,78,1
157,422,423,162,14099,14180,81,1
158,423,424,162,14180,14277,97,1
159,424,425,162,14277,14355,78,1
160,425,426,162,14355,14454,99,1
161,426,427,162,14454,14546,92,1
162,427,482,163,14546,14718,172,55
163,482,549,329,14718,14902,184,67
164,549,550,214,14902,14988,86,1
165,550,551,214,14988,15099,111,1
166,551,552,200,15099,15179,80,1
167,552,553,200,15179,15264,85,1
168,553,554,200,15264,15341,77,1
169,554,555,200,15341,15423,82,1
170,555,556,200,15423,15505,82,1
171,556,557,200,15505,15583,78,1
172,557,558,200,15583,15662,79,1
173,558,559,200,15662,15746,84,1
174,559,560,200,15746,15827,81,1
175,560,561,200,15827,15908,81,1
176,561,562,200,15908,15984,76,1
177,562,563,200,15984,16064,80,1
178,563,564,200,16064,16149,85,1
179,564,565,200,16149,16229,80,1
180,565,566,200,16229,16311,82,1
181,566,567,200,16311,16393,82,1
182,567,568,200,16393,16470,77,1
183,568,569,200,16470,16555,85,1
184,569,570,200,16555,16649,94,1
185,570,571,200,16649,16744,95,1
186,571,572,200,16744,16830,86,1
187,572,573,200,16830,16908,78,1
188,573,574,200,16908,16979,71,1
189,574,575,200,16979,17057,78,1
190,575,576,200,17057,17139,82,1
191,576,577,200,17139,17238,99,1
192,577,578,200,17238,17321,83,1
193,578,579,200,17321,17401,80,1
194,579,580,200,17401,17504,103,1
195,580,581,200,17504,17579,75,1
196,581,582,200,17579,17659,80,1
197,582,583,200,17659,17736,77,1
198,583,584,200,17736,17813,77,1
199,584,585,200,17813,17905,92,1
200,585,633,214,17905,18117,212,48
201,633,634,214,18117,18206,89,1
202,634,635,214,18206,18299,93,1
203,635,636,214,18299,18382,83,1
204,636,637,214,18382,18472,90,1
205,637,638,214,18472,18567,95,1
206,638,639,214,18567,18671,104,1
207,639,640,214,18671,18763,92,1
208,640,641,214,18763,18850,87,1
209,641,642,214,18850,18942,92,1
210,642,643,214,18942,19032,90,1
211,643,644,214,19032,19122,90,1
212,644,645,214,19122,19233,111,1
213,645,646,214,19233,19338,105,1
214,646,702,269,19338,19511,173,56
215,702,703,261,19511,19599,88,1
216,703,704,261,19599,19702,103,1
217,704,705,261,19702,19791,89,1
218,705,706,261,19791,19900,109,1
219,706,707,261,19900,20009,109,1
220,707,708,261,20009,20112,103,1
221,708,709,261,20112,20201,89,1
222,709,710,261,20201,20291,90,1
223,710,711,261,20291,20383,92,1
224,711,712,261,20383,20471,88,1
225,712,713,261,20471,20551,80,1
226,713,714,261,20551,20627,76,1
227,714,715,261,20627,20710,83,1
228,715,716,261,20710,20790,80,1
229,716,717,261,20790,20872,82,1
230,717,718,261,20872,20955,83,1
231,718,719,261,20955,21038,83,1
232,719,720,261,21038,21114,76,1
233,720,721,261,21114,21194,80,1
234,721,722,261,21194,21274,80,1
235,722,723,261,21274,21347,73,1
236,723,724,261,21347,21423,76,1
237,724,725,261,21423,21505,82,1
238,725,726,261,21505,21587,82,1
239,726,727,261,21587,21663,76,1
240,727,728,261,21663,21744,81,1
241,728,729,261,21744,21817,73,1
242,729,730,261,21817,21899,82,1
243,730,731,261,21899,21977,78,1
244,731,732,261,21977,22072,95,1
245,732,733,261,22072,22153,81,1
246,733,734,261,22153,22236,83,1
247,734,735,261,22236,22317,81,1
248,735,736,261,22317,22395,78,1
249,736,737,261,22395,22479,84,1
250,737,738,261,22479,22560,81,1
251,738,739,261,22560,22660,100,1
252,739,740,261,22660,22757,97,1
253,740,741,261,22757,22832,75,1
254,741,742,261,22832,22907,75,1
255,742,743,261,22907,23004,97,1
256,743,744,261,23004,23083,79,1
257,744,745,261,23083,23167,84,1
258,745,746,261,23167,23246,79,1
259,746,747,261,23246,23344,98,1
260,747,748,261,23344,23423,79,1
261,748,783,268,23423,23637,214,35
262,783,784,268,23637,23729,92,1
263,784,785,268,23729,23813,84,1
264,785,786,268,23813,23897,84,1
265,786,787,268,23897,23987,90,1
266,787,788,268,23987,24076,89,1
267,788,789,268,24076,24156,80,1
268,789,839,269,24156,24339,183,50
269,839,878,329,24339,24517,178,39
270,878,879,328,24517,24595,78,1
271,879,880,328,24595,24677,82,1
272,880,881,328,24677,24752,75,1
273,881,882,328,24752,24832,80,1
274,882,883,328,24832,24918,86,1
275,883,884,328,24918,25013,95,1
276,884,885,328,25013,25094,81,1
277,885,886,328,25094,25175,81,1
278,886,887,328,25175,25258,83,1
279,887,888,328,25258,25342,84,1
280,888,889,328,25342,25424,82,1
281,889,890,328,25424,25527,103,1
282,890,891,328,25527,25605,78,1
283,891,892,328,25605,25706,101,1
284,892,893,328,25706,25803,97,1
285,893,894,328,25803,25882,79,1
286,894,895,328,25882,25962,80,1
287,895,896,328,25962,26047,85,1
288,896,897,328,26047,26132,85,1
289,897,898,328,26132,26214,82,1
290,898,899,328,26214,26291,77,1
291,899,900,328,26291,26381,90,1
292,900,901,328,26381,26472,91,1
293,901,902,328,26472,26562,90,1
294,902,903,328,26562,26642,80,1
295,903,904,328,26642,26718,76,1
296,904,905,328,26718,26812,94,1
297,905,906,328,26812,26908,96,1
298,906,907,328,26908,26997,89,1
299,907,908,328,26997,27078,81,1
300,908,909,328,27078,27164,86,1
301,909,910,328,27164,27268,104,1
302,910,911,328,27268,27346,78,1
303,911,912,328,27346,27428,82,1
304,912,913,328,27428,27508,80,1
305,913,914,328,27508,27598,90,1
306,914,915,328,27598,27693,95,1
307,915,916,328,27693,27770,77,1
308,916,917,328,27770,27864,94,1
309,917,918,328,27864,27941,77,1
310,918,919,328,27941,28046,105,1
311,919,920,328,28046,28129,83,1
312,920,921,328,28129,28222,93,1
313,921,922,328,28222,28304,82,1
314,922,923,328,28304,28394,90,1
315,923,924,328,28394,28486,92,1
316,924,925,328,28486,28573,87,1
317,925,926,328,28573,28684,111,1
318,926,927,328,28684,28776,92,1
319,927,928,328,28776,28887,111,1
320,928,929,328,28887,28965,78,1
321,929,930,328,28965,29050,85,1
322,930,931,328,29050,29142,92,1
323,931,932,328,29142,29222,80,1
324,932,933,328,29222,29299,77,1
325,933,934,328,29299,29398,99,1
326,934,935,328,29398,29469,71,1
327,935,936,328,29469,29550,81,1
328,936,1031,329,29550,29762,212,95
329,1031,1215,-1,29762,29946,184,184
